Month_Num,Month_Name,Area_Name,GMM_Threshold_dB
1,January,Bagerhat,-10.31
1,January,Bandarban,-7.4934
1,January,Barguna,-15.7162
1,January,Barisal,-15.3398
1,January,Bhola,-16.0036
1,January,Bogra,-14.9679
1,January,Brahamanbaria,-10.0399
1,January,Chandpur,-15.3328
1,January,Chittagong,-8.8335
1,January,Chuadanga,-8.9113
1,January,Comilla,-8.7967
1,January,Cox's Bazar,-9.0923
1,January,Dhaka,-8.4209
1,January,Dinajpur,-10.8273
1,January,Faridpur,-10.2631
1,January,Feni,-8.8157
1,January,Gaibandha,-17.4302
1,January,Gazipur,-8.3859
1,January,Gopalganj,-9.6066
1,January,Habiganj,-9.9475
1,January,Jamalpur,-12.8042
1,January,Jessore,-11.428
1,January,Jhalokati,-13.3912
1,January,Jhenaidah,-9.6824
1,January,Joypurhat,-9.3464
1,January,Khagrachhari,-7.6239
1,January,Khulna,-10.644
1,January,Kishoreganj,-10.3643
1,January,Kurigram,-14.0484
1,January,Kushtia,-13.7793
1,January,Lakshmipur,-16.1299
1,January,Lalmonirhat,-11.637
1,January,Madaripur,-14.4525
1,January,Magura,-9.8121
1,January,Manikganj,-14.826
1,January,Maulvibazar,-9.8924
1,January,Meherpur,-8.6665
1,January,Munshiganj,-15.3436
1,January,Mymensingh,-8.9978
1,January,Naogaon,-9.9956
1,January,Narail,-12.464
1,January,Narayanganj,-9.0573
1,January,Narsingdi,-14.7009
1,January,Natore,-9.5471
1,January,Nawabganj,-10.3527
1,January,Netrakona,-10.2822
1,January,Nilphamari,-12.0386
1,January,Noakhali,-15.9336
1,January,Pabna,-10.4935
1,January,Panchagarh,-9.0502
1,January,Patuakhali,-15.6581
1,January,Pirojpur,-13.6751
1,January,Rajbari,-14.9077
1,January,Rajshahi,-11.086
1,January,Rangamati,-12.2874
1,January,Rangpur,-11.8232
1,January,Satkhira,-11.233
1,January,Shariatpur,-15.94
1,January,Sherpur,-8.5994
1,January,Sirajganj,-14.7001
1,January,Sunamganj,-13.9796
1,January,Sylhet,-10.1903
1,January,Tangail,-8.839
1,January,Thakurgaon,-9.3173
1,January,national_mean,-11.6181
2,February,Bagerhat,-10.5068
2,February,Bandarban,-7.3719
2,February,Barguna,-15.9679
2,February,Barisal,-15.1372
2,February,Bhola,-16.3077
2,February,Bogra,-10.2037
2,February,Brahamanbaria,-9.6449
2,February,Chandpur,-16.1855
2,February,Chittagong,-8.9928
2,February,Chuadanga,-8.8972
2,February,Comilla,-8.7339
2,February,Cox's Bazar,-9.4939
2,February,Dhaka,-8.541
2,February,Dinajpur,-11.0238
2,February,Faridpur,-10.1119
2,February,Feni,-8.9655
2,February,Gaibandha,-13.7013
2,February,Gazipur,-8.195
2,February,Gopalganj,-8.8306
2,February,Habiganj,-9.8274
2,February,Jamalpur,-10.5281
2,February,Jessore,-10.8242
2,February,Jhalokati,-13.6748
2,February,Jhenaidah,-9.6053
2,February,Joypurhat,-9.6695
2,February,Khagrachhari,-7.8384
2,February,Khulna,-11.3664
2,February,Kishoreganj,-9.4934
2,February,Kurigram,-14.5791
2,February,Kushtia,-12.5945
2,February,Lakshmipur,-16.2035
2,February,Lalmonirhat,-8.5937
2,February,Madaripur,-14.6467
2,February,Magura,-9.0848
2,February,Manikganj,-15.3427
2,February,Maulvibazar,-9.587
2,February,Meherpur,-9.2016
2,February,Munshiganj,-14.8022
2,February,Mymensingh,-8.7287
2,February,Naogaon,-9.4367
2,February,Narail,-12.907
2,February,Narayanganj,-8.4118
2,February,Narsingdi,-13.0288
2,February,Natore,-9.1916
2,February,Nawabganj,-10.5478
2,February,Netrakona,-9.432
2,February,Nilphamari,-9.5474
2,February,Noakhali,-15.8825
2,February,Pabna,-10.4553
2,February,Panchagarh,-9.1939
2,February,Patuakhali,-15.6822
2,February,Pirojpur,-14.2855
2,February,Rajbari,-15.6877
2,February,Rajshahi,-10.0219
2,February,Rangamati,-13.6246
2,February,Rangpur,-9.5078
2,February,Satkhira,-11.5686
2,February,Shariatpur,-16.4965
2,February,Sherpur,-8.8502
2,February,Sirajganj,-15.8862
2,February,Sunamganj,-10.6511
2,February,Sylhet,-10.2299
2,February,Tangail,-9.3381
2,February,Thakurgaon,-9.5956
2,February,national_mean,-11.2885
3,March,Bagerhat,-10.8242
3,March,Bandarban,-7.7026
3,March,Barguna,-15.3215
3,March,Barisal,-15.0715
3,March,Bhola,-15.4867
3,March,Bogra,-10.1536
3,March,Brahamanbaria,-9.888
3,March,Chandpur,-14.9449
3,March,Chittagong,-8.8221
3,March,Chuadanga,-8.7862
3,March,Comilla,-8.3736
3,March,Cox's Bazar,-9.6797
3,March,Dhaka,-8.4744
3,March,Dinajpur,-8.8465
3,March,Faridpur,-10.0323
3,March,Feni,-8.6647
3,March,Gaibandha,-13.7771
3,March,Gazipur,-8.1781
3,March,Gopalganj,-8.9968
3,March,Habiganj,-9.539
3,March,Jamalpur,-11.4153
3,March,Jessore,-11.4815
3,March,Jhalokati,-14.6891
3,March,Jhenaidah,-9.127
3,March,Joypurhat,-8.3169
3,March,Khagrachhari,-8.0189
3,March,Khulna,-11.9487
3,March,Kishoreganj,-10.2014
3,March,Kurigram,-13.2071
3,March,Kushtia,-13.5309
3,March,Lakshmipur,-14.8218
3,March,Lalmonirhat,-9.4517
3,March,Madaripur,-14.3393
3,March,Magura,-9.4625
3,March,Manikganj,-15.0201
3,March,Maulvibazar,-9.7665
3,March,Meherpur,-8.744
3,March,Munshiganj,-16.005
3,March,Mymensingh,-8.5917
3,March,Naogaon,-8.7572
3,March,Narail,-13.2653
3,March,Narayanganj,-8.3224
3,March,Narsingdi,-11.0229
3,March,Natore,-9.1752
3,March,Nawabganj,-10.3501
3,March,Netrakona,-9.6802
3,March,Nilphamari,-8.3135
3,March,Noakhali,-16.1168
3,March,Pabna,-10.2087
3,March,Panchagarh,-9.1115
3,March,Patuakhali,-14.6748
3,March,Pirojpur,-14.9717
3,March,Rajbari,-15.6597
3,March,Rajshahi,-12.503
3,March,Rangamati,-13.3767
3,March,Rangpur,-7.2199
3,March,Satkhira,-11.6592
3,March,Shariatpur,-15.7747
3,March,Sherpur,-8.2786
3,March,Sirajganj,-15.2838
3,March,Sunamganj,-10.8993
3,March,Sylhet,-9.5322
3,March,Tangail,-9.0462
3,March,Thakurgaon,-9.3471
3,March,national_mean,-11.129
4,April,Bagerhat,-10.0083
4,April,Bandarban,-7.7738
4,April,Barguna,-14.6925
4,April,Barisal,-14.3631
4,April,Bhola,-15.1343
4,April,Bogra,-9.5971
4,April,Brahamanbaria,-9.4727
4,April,Chandpur,-14.6216
4,April,Chittagong,-8.5874
4,April,Chuadanga,-9.1076
4,April,Comilla,-8.5223
4,April,Cox's Bazar,-9.5499
4,April,Dhaka,-7.9245
4,April,Dinajpur,-8.3646
4,April,Faridpur,-10.4027
4,April,Feni,-8.3743
4,April,Gaibandha,-14.9033
4,April,Gazipur,-7.7411
4,April,Gopalganj,-8.8898
4,April,Habiganj,-9.372
4,April,Jamalpur,-9.5585
4,April,Jessore,-10.3248
4,April,Jhalokati,-13.8899
4,April,Jhenaidah,-9.0702
4,April,Joypurhat,-8.2415
4,April,Khagrachhari,-7.7144
4,April,Khulna,-12.496
4,April,Kishoreganj,-10.4535
4,April,Kurigram,-15.0679
4,April,Kushtia,-13.2453
4,April,Lakshmipur,-14.3037
4,April,Lalmonirhat,-8.9139
4,April,Madaripur,-13.8825
4,April,Magura,-9.0368
4,April,Manikganj,-15.7749
4,April,Maulvibazar,-9.4067
4,April,Meherpur,-8.5982
4,April,Munshiganj,-14.9606
4,April,Mymensingh,-8.6413
4,April,Naogaon,-8.3806
4,April,Narail,-13.0355
4,April,Narayanganj,-8.2046
4,April,Narsingdi,-9.5413
4,April,Natore,-9.0364
4,April,Nawabganj,-9.9718
4,April,Netrakona,-9.8552
4,April,Nilphamari,-8.3874
4,April,Noakhali,-15.7911
4,April,Pabna,-10.1979
4,April,Panchagarh,-9.0377
4,April,Patuakhali,-13.9824
4,April,Pirojpur,-14.4181
4,April,Rajbari,-14.3617
4,April,Rajshahi,-10.2066
4,April,Rangamati,-12.5373
4,April,Rangpur,-7.1167
4,April,Satkhira,-12.0578
4,April,Shariatpur,-15.6137
4,April,Sherpur,-7.8863
4,April,Sirajganj,-16.2819
4,April,Sunamganj,-11.1093
4,April,Sylhet,-9.9742
4,April,Tangail,-9.0169
4,April,Thakurgaon,-9.1891
4,April,national_mean,-10.8777
5,May,Bagerhat,-9.3259
5,May,Bandarban,-6.7474
5,May,Barguna,-14.0908
5,May,Barisal,-13.3988
5,May,Bhola,-14.5169
5,May,Bogra,-13.8951
5,May,Brahamanbaria,-12.5415
5,May,Chandpur,-13.9931
5,May,Chittagong,-8.3801
5,May,Chuadanga,-8.2878
5,May,Comilla,-8.0968
5,May,Cox's Bazar,-9.8863
5,May,Dhaka,-7.5386
5,May,Dinajpur,-8.0341
5,May,Faridpur,-12.9588
5,May,Feni,-7.9159
5,May,Gaibandha,-13.3766
5,May,Gazipur,-7.3547
5,May,Gopalganj,-8.1042
5,May,Habiganj,-9.5837
5,May,Jamalpur,-12.3172
5,May,Jessore,-9.6771
5,May,Jhalokati,-12.3208
5,May,Jhenaidah,-8.3877
5,May,Joypurhat,-7.4128
5,May,Khagrachhari,-6.8251
5,May,Khulna,-11.5874
5,May,Kishoreganj,-11.7517
5,May,Kurigram,-13.3013
5,May,Kushtia,-13.0148
5,May,Lakshmipur,-14.2553
5,May,Lalmonirhat,-9.8903
5,May,Madaripur,-12.7594
5,May,Magura,-8.9164
5,May,Manikganj,-15.3947
5,May,Maulvibazar,-11.1718
5,May,Meherpur,-7.9776
5,May,Munshiganj,-14.9314
5,May,Mymensingh,-7.4351
5,May,Naogaon,-8.1271
5,May,Narail,-11.9048
5,May,Narayanganj,-11.6387
5,May,Narsingdi,-13.9601
5,May,Natore,-8.1238
5,May,Nawabganj,-10.4988
5,May,Netrakona,-10.1217
5,May,Nilphamari,-7.5716
5,May,Noakhali,-14.9407
5,May,Pabna,-11.8906
5,May,Panchagarh,-7.9646
5,May,Patuakhali,-13.1802
5,May,Pirojpur,-12.9188
5,May,Rajbari,-12.7171
5,May,Rajshahi,-11.1002
5,May,Rangamati,-11.8978
5,May,Rangpur,-7.5797
5,May,Satkhira,-11.1841
5,May,Shariatpur,-14.2632
5,May,Sherpur,-7.0787
5,May,Sirajganj,-15.2478
5,May,Sunamganj,-12.8488
5,May,Sylhet,-11.7406
5,May,Tangail,-9.0111
5,May,Thakurgaon,-8.5339
5,May,national_mean,-10.8344
6,June,Bagerhat,-8.758
6,June,Bandarban,-6.0541
6,June,Barguna,-13.3686
6,June,Barisal,-12.7821
6,June,Bhola,-14.4872
6,June,Bogra,-13.5261
6,June,Brahamanbaria,-12.7961
6,June,Chandpur,-12.9129
6,June,Chittagong,-7.792
6,June,Chuadanga,-8.2777
6,June,Comilla,-8.8607
6,June,Cox's Bazar,-10.9447
6,June,Dhaka,-8.1934
6,June,Dinajpur,-7.3991
6,June,Faridpur,-12.4601
6,June,Feni,-7.7799
6,June,Gaibandha,-13.6548
6,June,Gazipur,-9.1469
6,June,Gopalganj,-9.4714
6,June,Habiganj,-11.7145
6,June,Jamalpur,-12.947
6,June,Jessore,-10.6024
6,June,Jhalokati,-11.0299
6,June,Jhenaidah,-8.2704
6,June,Joypurhat,-7.016
6,June,Khagrachhari,-6.4556
6,June,Khulna,-10.4122
6,June,Kishoreganj,-13.5152
6,June,Kurigram,-13.4096
6,June,Kushtia,-12.7905
6,June,Lakshmipur,-13.9192
6,June,Lalmonirhat,-11.8628
6,June,Madaripur,-11.0484
6,June,Magura,-9.1655
6,June,Manikganj,-13.9041
6,June,Maulvibazar,-12.1804
6,June,Meherpur,-7.8632
6,June,Munshiganj,-13.5227
6,June,Mymensingh,-8.5316
6,June,Naogaon,-8.7382
6,June,Narail,-11.1928
6,June,Narayanganj,-14.072
6,June,Narsingdi,-13.2518
6,June,Natore,-10.005
6,June,Nawabganj,-11.3591
6,June,Netrakona,-12.2708
6,June,Nilphamari,-7.8938
6,June,Noakhali,-12.972
6,June,Pabna,-12.8626
6,June,Panchagarh,-7.6801
6,June,Patuakhali,-12.8862
6,June,Pirojpur,-11.2112
6,June,Rajbari,-12.3409
6,June,Rajshahi,-12.3809
6,June,Rangamati,-10.6101
6,June,Rangpur,-7.3481
6,June,Satkhira,-10.74
6,June,Shariatpur,-12.8349
6,June,Sherpur,-8.8331
6,June,Sirajganj,-14.1228
6,June,Sunamganj,-14.4648
6,June,Sylhet,-13.1516
6,June,Tangail,-11.9682
6,June,Thakurgaon,-7.7107
6,June,national_mean,-10.9645
7,July,Bagerhat,-8.7853
7,July,Bandarban,-6.1373
7,July,Barguna,-13.3607
7,July,Barisal,-12.973
7,July,Bhola,-15.1305
7,July,Bogra,-13.2811
7,July,Brahamanbaria,-13.6967
7,July,Chandpur,-12.7344
7,July,Chittagong,-7.9575
7,July,Chuadanga,-8.1443
7,July,Comilla,-9.666
7,July,Cox's Bazar,-11.2734
7,July,Dhaka,-12.7448
7,July,Dinajpur,-9.8549
7,July,Faridpur,-12.1796
7,July,Feni,-8.5558
7,July,Gaibandha,-15.4547
7,July,Gazipur,-11.2642
7,July,Gopalganj,-9.6724
7,July,Habiganj,-12.068
7,July,Jamalpur,-14.3863
7,July,Jessore,-11.0025
7,July,Jhalokati,-10.4286
7,July,Jhenaidah,-9.6086
7,July,Joypurhat,-10.6813
7,July,Khagrachhari,-6.2929
7,July,Khulna,-9.1596
7,July,Kishoreganj,-16.0032
7,July,Kurigram,-15.5577
7,July,Kushtia,-13.0299
7,July,Lakshmipur,-14.5049
7,July,Lalmonirhat,-10.2506
7,July,Madaripur,-11.83
7,July,Magura,-9.7688
7,July,Manikganj,-13.7658
7,July,Maulvibazar,-11.4551
7,July,Meherpur,-7.7281
7,July,Munshiganj,-13.0077
7,July,Mymensingh,-9.1902
7,July,Naogaon,-11.545
7,July,Narail,-10.699
7,July,Narayanganj,-14.4584
7,July,Narsingdi,-13.1455
7,July,Natore,-11.7804
7,July,Nawabganj,-12.9092
7,July,Netrakona,-14.3984
7,July,Nilphamari,-9.2791
7,July,Noakhali,-12.2606
7,July,Pabna,-12.8782
7,July,Panchagarh,-9.307
7,July,Patuakhali,-12.7555
7,July,Pirojpur,-10.5917
7,July,Rajbari,-12.7464
7,July,Rajshahi,-12.1912
7,July,Rangamati,-12.2522
7,July,Rangpur,-8.1421
7,July,Satkhira,-10.0915
7,July,Shariatpur,-12.3521
7,July,Sherpur,-9.5524
7,July,Sirajganj,-15.2715
7,July,Sunamganj,-15.9576
7,July,Sylhet,-13.5159
7,July,Tangail,-12.5287
7,July,Thakurgaon,-9.9402
7,July,national_mean,-11.6115
8,August,Bagerhat,-8.8203
8,August,Bandarban,-6.2276
8,August,Barguna,-12.7194
8,August,Barisal,-13.014
8,August,Bhola,-16.0612
8,August,Bogra,-12.5968
8,August,Brahamanbaria,-14.6613
8,August,Chandpur,-12.6439
8,August,Chittagong,-8.1669
8,August,Chuadanga,-8.3912
8,August,Comilla,-9.8548
8,August,Cox's Bazar,-11.2903
8,August,Dhaka,-13.3668
8,August,Dinajpur,-9.3346
8,August,Faridpur,-12.4966
8,August,Feni,-9.366
8,August,Gaibandha,-15.6724
8,August,Gazipur,-10.2356
8,August,Gopalganj,-10.3028
8,August,Habiganj,-13.0506
8,August,Jamalpur,-14.4312
8,August,Jessore,-11.5984
8,August,Jhalokati,-10.349
8,August,Jhenaidah,-9.262
8,August,Joypurhat,-8.5628
8,August,Khagrachhari,-6.5328
8,August,Khulna,-8.6761
8,August,Kishoreganj,-16.6534
8,August,Kurigram,-15.2268
8,August,Kushtia,-14.0039
8,August,Lakshmipur,-13.8433
8,August,Lalmonirhat,-9.8139
8,August,Madaripur,-12.4106
8,August,Magura,-11.6576
8,August,Manikganj,-13.8113
8,August,Maulvibazar,-12.8769
8,August,Meherpur,-8.0381
8,August,Munshiganj,-13.5849
8,August,Mymensingh,-9.3656
8,August,Naogaon,-12.3112
8,August,Narail,-11.4822
8,August,Narayanganj,-14.5074
8,August,Narsingdi,-13.2888
8,August,Natore,-12.5176
8,August,Nawabganj,-14.6631
8,August,Netrakona,-15.8834
8,August,Nilphamari,-8.9502
8,August,Noakhali,-12.2764
8,August,Pabna,-13.4253
8,August,Panchagarh,-8.7589
8,August,Patuakhali,-12.785
8,August,Pirojpur,-10.1579
8,August,Rajbari,-13.2186
8,August,Rajshahi,-14.5752
8,August,Rangamati,-11.8659
8,August,Rangpur,-8.3848
8,August,Satkhira,-9.9614
8,August,Shariatpur,-12.7489
8,August,Sherpur,-9.7584
8,August,Sirajganj,-15.4705
8,August,Sunamganj,-16.0
8,August,Sylhet,-13.3807
8,August,Tangail,-12.4101
8,August,Thakurgaon,-8.7145
8,August,national_mean,-11.8198
9,September,Bagerhat,-8.8916
9,September,Bandarban,-6.1793
9,September,Barguna,-13.8887
9,September,Barisal,-12.925
9,September,Bhola,-15.2783
9,September,Bogra,-12.0408
9,September,Brahamanbaria,-15.2958
9,September,Chandpur,-12.7137
9,September,Chittagong,-8.6702
9,September,Chuadanga,-8.1391
9,September,Comilla,-9.0616
9,September,Cox's Bazar,-15.6051
9,September,Dhaka,-14.5263
9,September,Dinajpur,-8.3562
9,September,Faridpur,-12.5973
9,September,Feni,-8.5584
9,September,Gaibandha,-15.4456
9,September,Gazipur,-12.0416
9,September,Gopalganj,-9.7283
9,September,Habiganj,-14.1524
9,September,Jamalpur,-14.4043
9,September,Jessore,-12.7056
9,September,Jhalokati,-10.7503
9,September,Jhenaidah,-8.9138
9,September,Joypurhat,-8.261
9,September,Khagrachhari,-7.4132
9,September,Khulna,-9.0044
9,September,Kishoreganj,-15.9395
9,September,Kurigram,-15.4436
9,September,Kushtia,-14.5671
9,September,Lakshmipur,-14.2936
9,September,Lalmonirhat,-9.8274
9,September,Madaripur,-12.6654
9,September,Magura,-12.6094
9,September,Manikganj,-14.2314
9,September,Maulvibazar,-12.86
9,September,Meherpur,-7.9796
9,September,Munshiganj,-13.5218
9,September,Mymensingh,-8.3231
9,September,Naogaon,-11.1564
9,September,Narail,-11.751
9,September,Narayanganj,-14.4223
9,September,Narsingdi,-13.7384
9,September,Natore,-13.6735
9,September,Nawabganj,-15.4388
9,September,Netrakona,-14.7084
9,September,Nilphamari,-8.6207
9,September,Noakhali,-12.4891
9,September,Pabna,-13.5304
9,September,Panchagarh,-8.6899
9,September,Patuakhali,-13.9968
9,September,Pirojpur,-10.439
9,September,Rajbari,-13.4625
9,September,Rajshahi,-14.3083
9,September,Rangamati,-12.2356
9,September,Rangpur,-7.5133
9,September,Satkhira,-10.4328
9,September,Shariatpur,-13.0237
9,September,Sherpur,-8.982
9,September,Sirajganj,-15.7437
9,September,Sunamganj,-15.8035
9,September,Sylhet,-12.9113
9,September,Tangail,-13.0434
9,September,Thakurgaon,-8.4012
9,September,national_mean,-11.9738
10,October,Bagerhat,-9.3027
10,October,Bandarban,-6.1237
10,October,Barguna,-14.5037
10,October,Barisal,-13.053
10,October,Bhola,-15.0609
10,October,Bogra,-12.5515
10,October,Brahamanbaria,-13.9783
10,October,Chandpur,-12.9418
10,October,Chittagong,-8.3687
10,October,Chuadanga,-8.1863
10,October,Comilla,-8.3578
10,October,Cox's Bazar,-12.3625
10,October,Dhaka,-14.5971
10,October,Dinajpur,-8.3187
10,October,Faridpur,-13.2778
10,October,Feni,-8.608
10,October,Gaibandha,-15.4726
10,October,Gazipur,-11.1996
10,October,Gopalganj,-10.4478
10,October,Habiganj,-13.8412
10,October,Jamalpur,-12.8895
10,October,Jessore,-11.8219
10,October,Jhalokati,-12.3123
10,October,Jhenaidah,-9.0642
10,October,Joypurhat,-8.178
10,October,Khagrachhari,-6.5453
10,October,Khulna,-10.3324
10,October,Kishoreganj,-15.1728
10,October,Kurigram,-15.6558
10,October,Kushtia,-15.6536
10,October,Lakshmipur,-14.7232
10,October,Lalmonirhat,-8.8713
10,October,Madaripur,-12.8921
10,October,Magura,-12.5883
10,October,Manikganj,-14.2055
10,October,Maulvibazar,-13.0931
10,October,Meherpur,-8.4558
10,October,Munshiganj,-13.3563
10,October,Mymensingh,-8.4575
10,October,Naogaon,-10.8979
10,October,Narail,-11.945
10,October,Narayanganj,-14.3886
10,October,Narsingdi,-13.8957
10,October,Natore,-13.6026
10,October,Nawabganj,-14.6607
10,October,Netrakona,-15.0095
10,October,Nilphamari,-8.5506
10,October,Noakhali,-13.9787
10,October,Pabna,-13.6755
10,October,Panchagarh,-8.709
10,October,Patuakhali,-14.3851
10,October,Pirojpur,-13.1992
10,October,Rajbari,-14.6609
10,October,Rajshahi,-13.2771
10,October,Rangamati,-12.2753
10,October,Rangpur,-7.662
10,October,Satkhira,-10.3573
10,October,Shariatpur,-13.0179
10,October,Sherpur,-8.3648
10,October,Sirajganj,-15.0702
10,October,Sunamganj,-15.8592
10,October,Sylhet,-13.2675
10,October,Tangail,-13.3703
10,October,Thakurgaon,-8.867
10,October,national_mean,-11.9964
11,November,Bagerhat,-9.6341
11,November,Bandarban,-6.4659
11,November,Barguna,-14.5308
11,November,Barisal,-13.4728
11,November,Bhola,-15.8572
11,November,Bogra,-12.1017
11,November,Brahamanbaria,-14.3696
11,November,Chandpur,-13.457
11,November,Chittagong,-8.9528
11,November,Chuadanga,-8.5883
11,November,Comilla,-8.7086
11,November,Cox's Bazar,-11.5818
11,November,Dhaka,-11.6742
11,November,Dinajpur,-8.3909
11,November,Faridpur,-14.2294
11,November,Feni,-8.5467
11,November,Gaibandha,-15.0597
11,November,Gazipur,-7.9717
11,November,Gopalganj,-11.0922
11,November,Habiganj,-12.4052
11,November,Jamalpur,-11.9316
11,November,Jessore,-13.0955
11,November,Jhalokati,-11.5083
11,November,Jhenaidah,-9.0121
11,November,Joypurhat,-8.153
11,November,Khagrachhari,-6.7622
11,November,Khulna,-9.8289
11,November,Kishoreganj,-15.7128
11,November,Kurigram,-15.0042
11,November,Kushtia,-14.3474
11,November,Lakshmipur,-15.8428
11,November,Lalmonirhat,-8.8336
11,November,Madaripur,-13.4475
11,November,Magura,-12.9481
11,November,Manikganj,-14.819
11,November,Maulvibazar,-13.0499
11,November,Meherpur,-8.3577
11,November,Munshiganj,-13.9833
11,November,Mymensingh,-8.78
11,November,Naogaon,-9.9834
11,November,Narail,-12.4727
11,November,Narayanganj,-14.6302
11,November,Narsingdi,-15.3725
11,November,Natore,-13.1258
11,November,Nawabganj,-13.2203
11,November,Netrakona,-15.4584
11,November,Nilphamari,-8.5863
11,November,Noakhali,-14.7929
11,November,Pabna,-14.2212
11,November,Panchagarh,-8.9015
11,November,Patuakhali,-14.5915
11,November,Pirojpur,-11.9541
11,November,Rajbari,-14.7089
11,November,Rajshahi,-14.7111
11,November,Rangamati,-12.1918
11,November,Rangpur,-7.8654
11,November,Satkhira,-10.6577
11,November,Shariatpur,-13.8405
11,November,Sherpur,-8.6216
11,November,Sirajganj,-14.9656
11,November,Sunamganj,-16.1579
11,November,Sylhet,-12.7016
11,November,Tangail,-9.9285
11,November,Thakurgaon,-8.1853
11,November,national_mean,-11.9431
12,December,Bagerhat,-10.03
12,December,Bandarban,-7.0659
12,December,Barguna,-14.6775
12,December,Barisal,-13.9525
12,December,Bhola,-15.3069
12,December,Bogra,-12.0442
12,December,Brahamanbaria,-10.9055
12,December,Chandpur,-14.4126
12,December,Chittagong,-8.5614
12,December,Chuadanga,-8.3955
12,December,Comilla,-8.9468
12,December,Cox's Bazar,-8.6345
12,December,Dhaka,-8.2379
12,December,Dinajpur,-8.6666
12,December,Faridpur,-14.6807
12,December,Feni,-8.6438
12,December,Gaibandha,-14.3091
12,December,Gazipur,-8.2379
12,December,Gopalganj,-11.0469
12,December,Habiganj,-11.2454
12,December,Jamalpur,-11.119
12,December,Jessore,-12.9613
12,December,Jhalokati,-12.5267
12,December,Jhenaidah,-9.0766
12,December,Joypurhat,-7.9657
12,December,Khagrachhari,-7.2291
12,December,Khulna,-10.6817
12,December,Kishoreganj,-15.8127
12,December,Kurigram,-14.5594
12,December,Kushtia,-13.3865
12,December,Lakshmipur,-15.4771
12,December,Lalmonirhat,-8.5631
12,December,Madaripur,-13.9177
12,December,Magura,-10.0702
12,December,Manikganj,-15.0071
12,December,Maulvibazar,-11.6404
12,December,Meherpur,-8.3539
12,December,Munshiganj,-15.2231
12,December,Mymensingh,-9.0323
12,December,Naogaon,-9.6974
12,December,Narail,-11.9985
12,December,Narayanganj,-9.1026
12,December,Narsingdi,-15.5677
12,December,Natore,-10.1259
12,December,Nawabganj,-12.2503
12,December,Netrakona,-12.4892
12,December,Nilphamari,-8.3744
12,December,Noakhali,-14.1943
12,December,Pabna,-12.2395
12,December,Panchagarh,-9.1458
12,December,Patuakhali,-14.335
12,December,Pirojpur,-12.3268
12,December,Rajbari,-14.489
12,December,Rajshahi,-11.9981
12,December,Rangamati,-12.2982
12,December,Rangpur,-7.6191
12,December,Satkhira,-10.7522
12,December,Shariatpur,-14.6329
12,December,Sherpur,-8.2606
12,December,Sirajganj,-15.1165
12,December,Sunamganj,-16.2616
12,December,Sylhet,-11.7575
12,December,Tangail,-8.6563
12,December,Thakurgaon,-9.2356
12,December,national_mean,-11.4614
