year,month,month_name,water_area_km2,total_area_km2,water_area_calibrated_km2
2015,1,January,47488.42,153584.24,23504.1
2015,2,February,53242.1,153442.91,26351.9
2015,3,March,52805.35,153584.9,26135.7
2015,4,April,31830.44,153585.09,15754.3
2015,5,May,24786.44,153584.89,12267.9
2015,6,June,36135.53,153584.91,17885.1
2015,7,July,35017.78,153583.74,17331.9
2015,8,August,34693.92,153582.96,17171.6
2015,9,September,33224.07,144319.61,16444.1
2015,10,October,34439.159999999996,153576.2,17045.5
2015,11,November,31648.28,144369.68,15664.1
2015,12,December,46220.11,146849.45,22876.4
2016,1,January,46656.34,130654.65,23092.3
2016,2,February,52185.39,153583.73,25828.9
2016,3,March,52496.8,151310.13,25983.0
2016,4,April,58920.229999999996,153583.72,29162.3
2016,5,May,42505.75,153584.83,21038.0
2016,6,June,42719.29,151570.36,21143.7
2016,7,July,48904.96,153570.84,24205.2
2016,8,August,46478.88,153583.53,23004.5
2016,9,September,42724.69,153583.8,21146.4
2016,10,October,41159.83,153584.15,20371.8
2016,11,November,42268.75,153583.83,20920.7
2016,12,December,46596.44,153583.8,23062.7
2017,1,January,51936.62,153583.79,25705.8
2017,2,February,58384.21,153585.21,28897.0
2017,3,March,58016.54,153585.21,28715.0
2017,4,April,63599.51,153585.2,31478.2
2017,5,May,46153.44,153585.21,22843.4
2017,6,June,42162.26,153585.21,20868.0
2017,7,July,42430.770000000004,153585.21,21000.9
2017,8,August,49293.57,153585.2,24397.6
2017,9,September,45545.91,153585.2,22542.7
2017,10,October,42229.39,153585.2,20901.2
2017,11,November,41297.11,153585.21,20439.8
2017,12,December,41044.0,153585.21,20314.5
2018,1,January,47214.28,153585.21,23368.5
2018,2,February,55932.479999999996,153585.21,27683.5
2018,3,March,60364.22,153585.21,29876.9
2018,4,April,57217.61,153585.2,28319.5
2018,5,May,40994.67,153585.21,20290.1
2018,6,June,40379.03,153585.21,19985.4
2018,7,July,38105.69,153585.2,18860.2
2018,8,August,42516.34,153585.21,21043.2
2018,9,September,43888.87,153585.21,21722.6
2018,10,October,43006.83,153585.21,21286.0
2018,11,November,43551.9,153585.2,21555.8
2018,12,December,45588.3,153585.21,22563.7
2019,1,January,53490.03,153585.21,26474.6
2019,2,February,56608.87,153583.23,28018.3
2019,3,March,57734.270000000004,153583.44,28575.3
2019,4,April,55042.55,153583.71,27243.0
2019,5,May,47065.09,153583.44,23294.6
2019,6,June,38149.52,153582.56,18881.9
2019,7,July,47010.94,153583.77,23267.8
2019,8,August,43195.32,153585.21,21379.3
2019,9,September,40256.18,153585.21,19924.6
2019,10,October,39268.62,153585.2,19435.8
2019,11,November,37284.52,153585.2,18453.8
2019,12,December,41507.52,153585.21,20543.9
2020,1,January,41014.83,153585.21,20300.1
2020,2,February,56001.66,153585.21,27717.7
2020,3,March,57871.93,153585.21,28643.4
2020,4,April,61380.36,153585.21,30379.9
2020,5,May,37030.34,153585.21,18328.0
2020,6,June,38048.45,153583.09,18831.9
2020,7,July,50385.07,153585.21,24937.8
2020,8,August,48843.27,153585.21,24174.7
2020,9,September,44383.43,153585.21,21967.3
2020,10,October,42186.88,153585.21,20880.2
2020,11,November,40569.68,153585.21,20079.7
2020,12,December,43197.28,153585.21,21380.3
2021,1,January,49394.52,153585.21,24447.6
2021,2,February,56702.01,153585.21,28064.4
2021,3,March,61647.74,153585.21,30512.2
2021,4,April,64289.76,153585.21,31819.9
2021,5,May,41094.58,153585.21,20339.5
2021,6,June,36963.590000000004,153585.21,18294.9
2021,7,July,40227.56,153585.21,19910.4
2021,8,August,44080.15,153585.2,21817.2
2021,9,September,42468.55,153585.21,21019.6
2021,10,October,41041.06,153585.21,20313.1
2021,11,November,39182.97,153585.21,19393.4
2021,12,December,40150.0,153585.21,19872.0
2022,1,January,44962.98,153585.21,22254.2
2022,2,February,53954.8,153585.21,26704.6
2022,3,March,59920.82,153585.21,29657.5
2022,4,April,61043.33,153585.21,30213.1
2022,5,May,41324.15,153585.21,20453.2
2022,6,June,45198.53,153585.21,22370.8
2022,7,July,38571.04,153585.21,19090.5
2022,8,August,42477.31,153585.21,21023.9
2022,9,September,42430.32,153585.21,21000.7
2022,10,October,41170.68,153585.21,20377.2
2022,11,November,42230.75,153585.21,20901.9
2022,12,December,44693.42,153585.21,22120.8
2023,1,January,48117.99,153585.21,23815.7
2023,2,February,54240.28,153585.21,26845.9
2023,3,March,56154.95,153585.21,27793.6
2023,4,April,59531.4,153585.21,29464.7
2023,5,May,44563.43,153585.21,22056.4
2023,6,June,41417.79,153585.21,20499.5
2023,7,July,38190.86,153585.21,18902.4
2023,8,August,42061.04,153585.21,20817.9
2023,9,September,39204.659999999996,153585.21,19404.1
2023,10,October,41328.43,153585.21,20455.3
2023,11,November,38961.01,153585.21,19283.5
2023,12,December,38428.76,153581.43,19020.1
2024,1,January,43331.61,153585.21,21446.7
2024,2,February,50618.71,153585.21,25053.5
2024,3,March,53041.38,153585.21,26252.5
2024,4,April,61563.83,153585.21,30470.7
2024,5,May,43878.27,153585.21,21717.3
2024,6,June,45068.46,153585.21,22306.4
2024,7,July,43429.26,153577.3,21495.1
2024,8,August,45597.47,153585.2,22568.2
2024,9,September,42530.75,153585.21,21050.4
2024,10,October,41914.32,153585.21,20745.3
2024,11,November,40445.17,153585.21,20018.1
2024,12,December,43959.82,153585.21,21757.7
2025,1,January,47203.32,153585.21,23363.0
2025,2,February,50063.33,153585.21,24778.6
2025,3,March,60686.32,153585.21,30036.4
2025,4,April,57346.69,153585.21,28383.4
2025,5,May,42510.04,153585.21,21040.1
2025,6,June,41218.840000000004,153585.21,20401.0
2025,7,July,37024.0,153585.21,18324.8
2025,8,August,42657.73,153585.21,21113.2
2025,9,September,41647.75,153585.21,20613.3
2025,10,October,39943.33,153585.21,19769.7
2025,11,November,38947.18,153585.21,19276.7
2025,12,December,44973.2,153585.21,22259.2
