district_name,month,threshold
Bagerhat,1.0,-10.309965088333575
Bagerhat,2.0,-10.506769866442964
Bagerhat,3.0,-10.824173202870606
Bagerhat,4.0,-10.008252702692511
Bagerhat,5.0,-9.32587087873691
Bagerhat,6.0,-8.75799520315476
Bagerhat,7.0,-8.785341216571892
Bagerhat,8.0,-8.820335489113923
Bagerhat,9.0,-8.891619300122942
Bagerhat,10.0,-9.302723468914696
Bagerhat,11.0,-9.634129987327869
Bagerhat,12.0,-10.030000667038033
Bandarban,1.0,-7.493374622192743
Bandarban,2.0,-7.371879318373704
Bandarban,3.0,-7.702563396310548
Bandarban,4.0,-7.773804527496432
Bandarban,5.0,-6.747418157665998
Bandarban,6.0,-6.054116764318521
Bandarban,7.0,-6.137349406507997
Bandarban,8.0,-6.227624686989018
Bandarban,9.0,-6.179291831505342
Bandarban,10.0,-6.123711467341647
Bandarban,11.0,-6.465889843665033
Bandarban,12.0,-7.0658656068180825
Barguna,1.0,-15.716246103459762
Barguna,2.0,-15.967912144296683
Barguna,3.0,-15.321475989409292
Barguna,4.0,-14.692522796912806
Barguna,5.0,-14.090789261430778
Barguna,6.0,-13.368645388246371
Barguna,7.0,-13.360712110670908
Barguna,8.0,-12.719387754859975
Barguna,9.0,-13.888711518644213
Barguna,10.0,-14.503656038745305
Barguna,11.0,-14.53080118651099
Barguna,12.0,-14.677509877462233
Barisal,1.0,-15.339817924597815
Barisal,2.0,-15.137223472065166
Barisal,3.0,-15.07147215069355
Barisal,4.0,-14.363128408534068
Barisal,5.0,-13.398808677551285
Barisal,6.0,-12.782078132320992
Barisal,7.0,-12.9730190582261
Barisal,8.0,-13.013950797655184
Barisal,9.0,-12.925013432450116
Barisal,10.0,-13.052976006123084
Barisal,11.0,-13.472768492204624
Barisal,12.0,-13.952516501265173
Bhola,1.0,-16.003605311239525
Bhola,2.0,-16.30771351488292
Bhola,3.0,-15.486692449988674
Bhola,4.0,-15.134265765573362
Bhola,5.0,-14.516884501913559
Bhola,6.0,-14.487206118880495
Bhola,7.0,-15.130533051560036
Bhola,8.0,-16.061231674318783
Bhola,9.0,-15.278293332829872
Bhola,10.0,-15.060869135315407
Bhola,11.0,-15.857179719974823
Bhola,12.0,-15.306905875773735
Bogra,1.0,-14.967906938394053
Bogra,2.0,-10.203700476951711
Bogra,3.0,-10.153592609258038
Bogra,4.0,-9.597061451591559
Bogra,5.0,-13.895077978212708
Bogra,6.0,-13.526095599117419
Bogra,7.0,-13.281080295554283
Bogra,8.0,-12.596827767870193
Bogra,9.0,-12.040751206150805
Bogra,10.0,-12.551509370204668
Bogra,11.0,-12.101692741962482
Bogra,12.0,-12.04423900278033
Brahamanbaria,1.0,-10.039868056823472
Brahamanbaria,2.0,-9.644889869416618
Brahamanbaria,3.0,-9.888037088356011
Brahamanbaria,4.0,-9.472739055042133
Brahamanbaria,5.0,-12.541529899170486
Brahamanbaria,6.0,-12.796101549609007
Brahamanbaria,7.0,-13.696666234135392
Brahamanbaria,8.0,-14.661286690147955
Brahamanbaria,9.0,-15.295793414686967
Brahamanbaria,10.0,-13.978270973792725
Brahamanbaria,11.0,-14.369614059389768
Brahamanbaria,12.0,-10.905498044078676
Chandpur,1.0,-15.33279673495371
Chandpur,2.0,-16.185457428535347
Chandpur,3.0,-14.944870082571624
Chandpur,4.0,-14.621621386370471
Chandpur,5.0,-13.993080430461818
Chandpur,6.0,-12.912928345099443
Chandpur,7.0,-12.73436154547534
Chandpur,8.0,-12.643851444057733
Chandpur,9.0,-12.713734305787648
Chandpur,10.0,-12.941798780379266
Chandpur,11.0,-13.457032285310355
Chandpur,12.0,-14.412617679514447
Chittagong,1.0,-8.833471432540694
Chittagong,2.0,-8.992825332027012
Chittagong,3.0,-8.822122491422677
Chittagong,4.0,-8.58742822424022
Chittagong,5.0,-8.38010511801687
Chittagong,6.0,-7.792030981566018
Chittagong,7.0,-7.957453590085484
Chittagong,8.0,-8.166893915143437
Chittagong,9.0,-8.670182256546441
Chittagong,10.0,-8.3687083392895
Chittagong,11.0,-8.95282517235926
Chittagong,12.0,-8.561448938912024
Chuadanga,1.0,-8.91128349080875
Chuadanga,2.0,-8.89719092922089
Chuadanga,3.0,-8.786162093392104
Chuadanga,4.0,-9.10758452735503
Chuadanga,5.0,-8.287829092395292
Chuadanga,6.0,-8.277737349499128
Chuadanga,7.0,-8.144301335480678
Chuadanga,8.0,-8.39122694880025
Chuadanga,9.0,-8.13914800632122
Chuadanga,10.0,-8.186299371788824
Chuadanga,11.0,-8.588275687013637
Chuadanga,12.0,-8.395505215166674
Comilla,1.0,-8.796688772698188
Comilla,2.0,-8.733872634325984
Comilla,3.0,-8.373636715908766
Comilla,4.0,-8.522315732323674
Comilla,5.0,-8.096801160694978
Comilla,6.0,-8.860666479151718
Comilla,7.0,-9.665971811677668
Comilla,8.0,-9.854841627508636
Comilla,9.0,-9.061601086349429
Comilla,10.0,-8.357755764416432
Comilla,11.0,-8.708643086882953
Comilla,12.0,-8.946839602149174
Cox's Bazar,1.0,-9.092278248339051
Cox's Bazar,2.0,-9.493908479205917
Cox's Bazar,3.0,-9.679650550474461
Cox's Bazar,4.0,-9.54985415861523
Cox's Bazar,5.0,-9.886315622570898
Cox's Bazar,6.0,-10.944654446866323
Cox's Bazar,7.0,-11.273399872591755
Cox's Bazar,8.0,-11.290298293975086
Cox's Bazar,9.0,-15.605139035144624
Cox's Bazar,10.0,-12.362528926131008
Cox's Bazar,11.0,-11.581780930880008
Cox's Bazar,12.0,-8.634457708891434
Dhaka,1.0,-8.420877502891917
Dhaka,2.0,-8.541014540418228
Dhaka,3.0,-8.474429285336221
Dhaka,4.0,-7.924465246444625
Dhaka,5.0,-7.538612439035696
Dhaka,6.0,-8.19343173850771
Dhaka,7.0,-12.74484447835942
Dhaka,8.0,-13.366844332476353
Dhaka,9.0,-14.526297922645739
Dhaka,10.0,-14.597080628393888
Dhaka,11.0,-11.674235762255039
Dhaka,12.0,-8.237911990810339
Dinajpur,1.0,-10.827316634795293
Dinajpur,2.0,-11.023750672670046
Dinajpur,3.0,-8.846494271793915
Dinajpur,4.0,-8.364639645620802
Dinajpur,5.0,-8.034052357177432
Dinajpur,6.0,-7.3990649641700035
Dinajpur,7.0,-9.854898109105717
Dinajpur,8.0,-9.33460462349177
Dinajpur,9.0,-8.356172379578226
Dinajpur,10.0,-8.318740765200385
Dinajpur,11.0,-8.390924728699863
Dinajpur,12.0,-8.66656790418872
Faridpur,1.0,-10.263148318879972
Faridpur,2.0,-10.111926156270926
Faridpur,3.0,-10.032333705077152
Faridpur,4.0,-10.402715584424751
Faridpur,5.0,-12.958822341811045
Faridpur,6.0,-12.460145413813951
Faridpur,7.0,-12.179629633319143
Faridpur,8.0,-12.496551739684195
Faridpur,9.0,-12.597285018142099
Faridpur,10.0,-13.27780666406653
Faridpur,11.0,-14.229421763810747
Faridpur,12.0,-14.680747149491998
Feni,1.0,-8.815748057261425
Feni,2.0,-8.965502147048598
Feni,3.0,-8.664724881818515
Feni,4.0,-8.374275610810377
Feni,5.0,-7.9159145753228195
Feni,6.0,-7.779855994468748
Feni,7.0,-8.555787375290858
Feni,8.0,-9.366012409504167
Feni,9.0,-8.558414411238664
Feni,10.0,-8.608038620693263
Feni,11.0,-8.546665532263086
Feni,12.0,-8.643783959557963
Gaibandha,1.0,-17.430173227630398
Gaibandha,2.0,-13.701259882364706
Gaibandha,3.0,-13.777125840889083
Gaibandha,4.0,-14.903302818863724
Gaibandha,5.0,-13.376646797560158
Gaibandha,6.0,-13.654846356311056
Gaibandha,7.0,-15.45466462366055
Gaibandha,8.0,-15.672444556860667
Gaibandha,9.0,-15.445557040073338
Gaibandha,10.0,-15.47262140855414
Gaibandha,11.0,-15.0597090523958
Gaibandha,12.0,-14.309085325171674
Gazipur,1.0,-8.385852020110217
Gazipur,2.0,-8.194981462403327
Gazipur,3.0,-8.178108182674595
Gazipur,4.0,-7.741073084931814
Gazipur,5.0,-7.354686644278288
Gazipur,6.0,-9.14688288778093
Gazipur,7.0,-11.264161010701695
Gazipur,8.0,-10.235565636777181
Gazipur,9.0,-12.041643461991738
Gazipur,10.0,-11.199618376989669
Gazipur,11.0,-7.971666341544841
Gazipur,12.0,-8.237926778978306
Gopalganj,1.0,-9.60664691735715
Gopalganj,2.0,-8.83060407183895
Gopalganj,3.0,-8.996830134500824
Gopalganj,4.0,-8.889840943746263
Gopalganj,5.0,-8.104235803877026
Gopalganj,6.0,-9.471439997722335
Gopalganj,7.0,-9.67239756814958
Gopalganj,8.0,-10.302825491281844
Gopalganj,9.0,-9.728262203701075
Gopalganj,10.0,-10.447783706120335
Gopalganj,11.0,-11.092193735097695
Gopalganj,12.0,-11.046876668926295
Habiganj,1.0,-9.947466446727425
Habiganj,2.0,-9.827425941007583
Habiganj,3.0,-9.539013797701099
Habiganj,4.0,-9.37198131406774
Habiganj,5.0,-9.583700310138022
Habiganj,6.0,-11.714504955818036
Habiganj,7.0,-12.067956347999154
Habiganj,8.0,-13.050604266570433
Habiganj,9.0,-14.152413400116977
Habiganj,10.0,-13.841172077600534
Habiganj,11.0,-12.405173249999251
Habiganj,12.0,-11.245439099714524
Jamalpur,1.0,-12.804212292897779
Jamalpur,2.0,-10.528082685806744
Jamalpur,3.0,-11.415274745052765
Jamalpur,4.0,-9.558537398953264
Jamalpur,5.0,-12.317208896074929
Jamalpur,6.0,-12.947041558723464
Jamalpur,7.0,-14.386289220150712
Jamalpur,8.0,-14.43123905049044
Jamalpur,9.0,-14.404306280537297
Jamalpur,10.0,-12.889545394986328
Jamalpur,11.0,-11.931639897806603
Jamalpur,12.0,-11.118990821581487
Jessore,1.0,-11.427965544536638
Jessore,2.0,-10.824211603269331
Jessore,3.0,-11.481450435392825
Jessore,4.0,-10.324834803915012
Jessore,5.0,-9.677074819270928
Jessore,6.0,-10.602417397243956
Jessore,7.0,-11.00248671162284
Jessore,8.0,-11.598364164338134
Jessore,9.0,-12.705627325713685
Jessore,10.0,-11.821864146436972
Jessore,11.0,-13.095534015446761
Jessore,12.0,-12.961269825302868
Jhalokati,1.0,-13.391166122489967
Jhalokati,2.0,-13.67483341330543
Jhalokati,3.0,-14.689056471586195
Jhalokati,4.0,-13.889913418030202
Jhalokati,5.0,-12.320750011453326
Jhalokati,6.0,-11.029856372306831
Jhalokati,7.0,-10.428572020406007
Jhalokati,8.0,-10.349042756298825
Jhalokati,9.0,-10.75026299547019
Jhalokati,10.0,-12.312346336101639
Jhalokati,11.0,-11.508270878623659
Jhalokati,12.0,-12.526710882591674
Jhenaidah,1.0,-9.682383047451772
Jhenaidah,2.0,-9.60530829138639
Jhenaidah,3.0,-9.127036295867292
Jhenaidah,4.0,-9.070174066194962
Jhenaidah,5.0,-8.38765396978879
Jhenaidah,6.0,-8.270414733764632
Jhenaidah,7.0,-9.608592821561874
Jhenaidah,8.0,-9.262008830862403
Jhenaidah,9.0,-8.91379462101812
Jhenaidah,10.0,-9.06415057409358
Jhenaidah,11.0,-9.01205093813736
Jhenaidah,12.0,-9.076573167970169
Joypurhat,1.0,-9.34643822335998
Joypurhat,2.0,-9.66951791908112
Joypurhat,3.0,-8.316850443865963
Joypurhat,4.0,-8.241548182715334
Joypurhat,5.0,-7.41280583089007
Joypurhat,6.0,-7.015979287118549
Joypurhat,7.0,-10.68128477289976
Joypurhat,8.0,-8.562752651589586
Joypurhat,9.0,-8.260957839039689
Joypurhat,10.0,-8.177951157457802
Joypurhat,11.0,-8.153006150104483
Joypurhat,12.0,-7.96569096879835
Khagrachhari,1.0,-7.623894468771778
Khagrachhari,2.0,-7.838375381083713
Khagrachhari,3.0,-8.018894887260757
Khagrachhari,4.0,-7.714421575179091
Khagrachhari,5.0,-6.825096118613366
Khagrachhari,6.0,-6.455623599552893
Khagrachhari,7.0,-6.29287474089422
Khagrachhari,8.0,-6.532800605987668
Khagrachhari,9.0,-7.413237498535768
Khagrachhari,10.0,-6.545251381584351
Khagrachhari,11.0,-6.762226338877569
Khagrachhari,12.0,-7.229063254312219
Khulna,1.0,-10.644035636139735
Khulna,2.0,-11.366386724440275
Khulna,3.0,-11.948724451415085
Khulna,4.0,-12.496029713489673
Khulna,5.0,-11.587433376202886
Khulna,6.0,-10.41221149839395
Khulna,7.0,-9.159640694881729
Khulna,8.0,-8.67610594881436
Khulna,9.0,-9.004433385144093
Khulna,10.0,-10.332412748105986
Khulna,11.0,-9.82892234975766
Khulna,12.0,-10.681655545535806
Kishoreganj,1.0,-10.364300506392299
Kishoreganj,2.0,-9.493424573853618
Kishoreganj,3.0,-10.201418983090822
Kishoreganj,4.0,-10.453532623841438
Kishoreganj,5.0,-11.75173332847507
Kishoreganj,6.0,-13.515223658728992
Kishoreganj,7.0,-16.00315520936044
Kishoreganj,8.0,-16.653408602727584
Kishoreganj,9.0,-15.939517306566762
Kishoreganj,10.0,-15.172842151141243
Kishoreganj,11.0,-15.71282743046262
Kishoreganj,12.0,-15.812726850654231
Kurigram,1.0,-14.04836408182922
Kurigram,2.0,-14.57906940023774
Kurigram,3.0,-13.207144236159486
Kurigram,4.0,-15.067897648039098
Kurigram,5.0,-13.301322623767346
Kurigram,6.0,-13.40960279441421
Kurigram,7.0,-15.557724715194949
Kurigram,8.0,-15.2267853991496
Kurigram,9.0,-15.443637462256556
Kurigram,10.0,-15.65578080060148
Kurigram,11.0,-15.004197908731287
Kurigram,12.0,-14.55940501983391
Kushtia,1.0,-13.779285813995699
Kushtia,2.0,-12.594539282894846
Kushtia,3.0,-13.530888372079682
Kushtia,4.0,-13.245311589415401
Kushtia,5.0,-13.0148092003687
Kushtia,6.0,-12.79054613783933
Kushtia,7.0,-13.029941823753745
Kushtia,8.0,-14.00385588254635
Kushtia,9.0,-14.567090297724548
Kushtia,10.0,-15.653605551039282
Kushtia,11.0,-14.347433844647442
Kushtia,12.0,-13.386502738715365
Lakshmipur,1.0,-16.129901258114415
Lakshmipur,2.0,-16.203474144127945
Lakshmipur,3.0,-14.821835107624441
Lakshmipur,4.0,-14.303739548541877
Lakshmipur,5.0,-14.255280301174803
Lakshmipur,6.0,-13.919203049974719
Lakshmipur,7.0,-14.504872387355858
Lakshmipur,8.0,-13.843296751878706
Lakshmipur,9.0,-14.293603859468629
Lakshmipur,10.0,-14.723224610341077
Lakshmipur,11.0,-15.842795056629429
Lakshmipur,12.0,-15.477065379132654
Lalmonirhat,1.0,-11.637010460758386
Lalmonirhat,2.0,-8.593721856660402
Lalmonirhat,3.0,-9.451650796562157
Lalmonirhat,4.0,-8.913860149069409
Lalmonirhat,5.0,-9.890276337049512
Lalmonirhat,6.0,-11.862821677186718
Lalmonirhat,7.0,-10.250604759134426
Lalmonirhat,8.0,-9.81386131934352
Lalmonirhat,9.0,-9.827422822595294
Lalmonirhat,10.0,-8.871284489166264
Lalmonirhat,11.0,-8.833637062929437
Lalmonirhat,12.0,-8.563130863343495
Madaripur,1.0,-14.452546932722806
Madaripur,2.0,-14.646686986024077
Madaripur,3.0,-14.339277933939849
Madaripur,4.0,-13.882491647679059
Madaripur,5.0,-12.75936808339901
Madaripur,6.0,-11.048378889813575
Madaripur,7.0,-11.83001836164512
Madaripur,8.0,-12.41058908949877
Madaripur,9.0,-12.66542747954271
Madaripur,10.0,-12.89212443539845
Madaripur,11.0,-13.447519811959943
Madaripur,12.0,-13.917655504227293
Magura,1.0,-9.81211621437296
Magura,2.0,-9.084789752715192
Magura,3.0,-9.462499865900055
Magura,4.0,-9.036790820146505
Magura,5.0,-8.916351126527793
Magura,6.0,-9.165454125070132
Magura,7.0,-9.768792333476732
Magura,8.0,-11.657562291997891
Magura,9.0,-12.609367887081225
Magura,10.0,-12.58826134439002
Magura,11.0,-12.94810474890029
Magura,12.0,-10.070213810236446
Manikganj,1.0,-14.825978484312236
Manikganj,2.0,-15.342710424196014
Manikganj,3.0,-15.020105606893454
Manikganj,4.0,-15.77493158309057
Manikganj,5.0,-15.394695712535848
Manikganj,6.0,-13.9040865619184
Manikganj,7.0,-13.765835938758388
Manikganj,8.0,-13.811323225003834
Manikganj,9.0,-14.231440096376197
Manikganj,10.0,-14.205509259002993
Manikganj,11.0,-14.818970350197374
Manikganj,12.0,-15.00708030045561
Maulvibazar,1.0,-9.89242187797241
Maulvibazar,2.0,-9.586981924422831
Maulvibazar,3.0,-9.76645962271799
Maulvibazar,4.0,-9.406650553287838
Maulvibazar,5.0,-11.17181048181306
Maulvibazar,6.0,-12.180365128441121
Maulvibazar,7.0,-11.455099367676247
Maulvibazar,8.0,-12.876946718732098
Maulvibazar,9.0,-12.859981618019729
Maulvibazar,10.0,-13.093137388292371
Maulvibazar,11.0,-13.04990990401101
Maulvibazar,12.0,-11.640408411146693
Meherpur,1.0,-8.666541594426239
Meherpur,2.0,-9.201580540504711
Meherpur,3.0,-8.744000300161492
Meherpur,4.0,-8.598165352994542
Meherpur,5.0,-7.977570478468379
Meherpur,6.0,-7.863194712237168
Meherpur,7.0,-7.728123614275621
Meherpur,8.0,-8.038067761826676
Meherpur,9.0,-7.979590604592828
Meherpur,10.0,-8.455806868306494
Meherpur,11.0,-8.357678552136115
Meherpur,12.0,-8.353926878612109
Munshiganj,1.0,-15.343594016950094
Munshiganj,2.0,-14.80220564866305
Munshiganj,3.0,-16.005049031593476
Munshiganj,4.0,-14.960643759943935
Munshiganj,5.0,-14.931365722630444
Munshiganj,6.0,-13.522743931346799
Munshiganj,7.0,-13.007709903360364
Munshiganj,8.0,-13.584913162728837
Munshiganj,9.0,-13.521803541330371
Munshiganj,10.0,-13.35628309658376
Munshiganj,11.0,-13.98327002712219
Munshiganj,12.0,-15.223072380695974
Mymensingh,1.0,-8.997754621668122
Mymensingh,2.0,-8.728671905618809
Mymensingh,3.0,-8.591673765299536
Mymensingh,4.0,-8.641317412890709
Mymensingh,5.0,-7.435051430298667
Mymensingh,6.0,-8.531647791383994
Mymensingh,7.0,-9.190243571620114
Mymensingh,8.0,-9.365583081203589
Mymensingh,9.0,-8.32308113081747
Mymensingh,10.0,-8.457534700259716
Mymensingh,11.0,-8.779986114611548
Mymensingh,12.0,-9.032264242000199
Naogaon,1.0,-9.9956173956731
Naogaon,2.0,-9.436661817110165
Naogaon,3.0,-8.75716755688124
Naogaon,4.0,-8.38057204764206
Naogaon,5.0,-8.127060128847416
Naogaon,6.0,-8.738152981259809
Naogaon,7.0,-11.544979608017533
Naogaon,8.0,-12.311190431017307
Naogaon,9.0,-11.156449558217068
Naogaon,10.0,-10.897938482233103
Naogaon,11.0,-9.9833795411793
Naogaon,12.0,-9.69738649198992
Narail,1.0,-12.463966050278234
Narail,2.0,-12.907001902995914
Narail,3.0,-13.265265195708155
Narail,4.0,-13.035484895173363
Narail,5.0,-11.904773653600087
Narail,6.0,-11.192805810692214
Narail,7.0,-10.698967638378578
Narail,8.0,-11.482167832101773
Narail,9.0,-11.751009808831144
Narail,10.0,-11.945009554503876
Narail,11.0,-12.472686163227905
Narail,12.0,-11.998498582963945
Narayanganj,1.0,-9.057323844794231
Narayanganj,2.0,-8.411762359805842
Narayanganj,3.0,-8.322417820925052
Narayanganj,4.0,-8.204646960097033
Narayanganj,5.0,-11.638717163766392
Narayanganj,6.0,-14.072006745681524
Narayanganj,7.0,-14.45843551296872
Narayanganj,8.0,-14.507378372554967
Narayanganj,9.0,-14.422284676209518
Narayanganj,10.0,-14.388645344110575
Narayanganj,11.0,-14.630214774062502
Narayanganj,12.0,-9.102573887599693
Narsingdi,1.0,-14.700898510453452
Narsingdi,2.0,-13.0288136993791
Narsingdi,3.0,-11.022864878238742
Narsingdi,4.0,-9.541341384727215
Narsingdi,5.0,-13.9601139207198
Narsingdi,6.0,-13.251814832508664
Narsingdi,7.0,-13.145515109041831
Narsingdi,8.0,-13.288755496700237
Narsingdi,9.0,-13.738353845430897
Narsingdi,10.0,-13.895721356923303
Narsingdi,11.0,-15.372466098505784
Narsingdi,12.0,-15.567709623238033
Natore,1.0,-9.547122293158235
Natore,2.0,-9.19161727632543
Natore,3.0,-9.175188950676645
Natore,4.0,-9.03637473029289
Natore,5.0,-8.123788763975252
Natore,6.0,-10.004990478235591
Natore,7.0,-11.780405973829835
Natore,8.0,-12.51755473979646
Natore,9.0,-13.67351223305439
Natore,10.0,-13.602570230228132
Natore,11.0,-13.125800791655774
Natore,12.0,-10.125936026310177
Nawabganj,1.0,-10.352701117046319
Nawabganj,2.0,-10.547779415204518
Nawabganj,3.0,-10.350123962206029
Nawabganj,4.0,-9.971849842729634
Nawabganj,5.0,-10.498797704283833
Nawabganj,6.0,-11.359140666537622
Nawabganj,7.0,-12.90922226966792
Nawabganj,8.0,-14.663125053009146
Nawabganj,9.0,-15.43876113325938
Nawabganj,10.0,-14.660666479305293
Nawabganj,11.0,-13.220334612998277
Nawabganj,12.0,-12.250276203786397
Netrakona,1.0,-10.282230375482913
Netrakona,2.0,-9.432004601218665
Netrakona,3.0,-9.680166531080621
Netrakona,4.0,-9.855201392482302
Netrakona,5.0,-10.121706295508792
Netrakona,6.0,-12.270776039054777
Netrakona,7.0,-14.398448396787133
Netrakona,8.0,-15.883426380801552
Netrakona,9.0,-14.708400619033267
Netrakona,10.0,-15.009452080147877
Netrakona,11.0,-15.458408619586429
Netrakona,12.0,-12.489204429485111
Nilphamari,1.0,-12.038636753364846
Nilphamari,2.0,-9.547383208635555
Nilphamari,3.0,-8.313528849886923
Nilphamari,4.0,-8.387414472489981
Nilphamari,5.0,-7.57161907886313
Nilphamari,6.0,-7.8938231754635755
Nilphamari,7.0,-9.279099540335208
Nilphamari,8.0,-8.950244852193462
Nilphamari,9.0,-8.620735107106139
Nilphamari,10.0,-8.550625922945446
Nilphamari,11.0,-8.586281732421158
Nilphamari,12.0,-8.374433955109255
Noakhali,1.0,-15.933619082858014
Noakhali,2.0,-15.882496971076739
Noakhali,3.0,-16.116817245661334
Noakhali,4.0,-15.791119013946446
Noakhali,5.0,-14.940702515270566
Noakhali,6.0,-12.97198959476721
Noakhali,7.0,-12.260597996531745
Noakhali,8.0,-12.27640614981611
Noakhali,9.0,-12.489079121057863
Noakhali,10.0,-13.978739898569113
Noakhali,11.0,-14.792894525841898
Noakhali,12.0,-14.194298897650613
Pabna,1.0,-10.493489617148134
Pabna,2.0,-10.455295112614003
Pabna,3.0,-10.208660598942595
Pabna,4.0,-10.197928601775896
Pabna,5.0,-11.89061361392997
Pabna,6.0,-12.862612828224053
Pabna,7.0,-12.87816557642595
Pabna,8.0,-13.425259403368303
Pabna,9.0,-13.53035073483903
Pabna,10.0,-13.675526908965338
Pabna,11.0,-14.221154636470033
Pabna,12.0,-12.239488088270674
Panchagarh,1.0,-9.050199969736534
Panchagarh,2.0,-9.193880118036809
Panchagarh,3.0,-9.11153316999881
Panchagarh,4.0,-9.037709074727564
Panchagarh,5.0,-7.964628045597846
Panchagarh,6.0,-7.680067841204197
Panchagarh,7.0,-9.306998410156048
Panchagarh,8.0,-8.75894765459365
Panchagarh,9.0,-8.689890311545021
Panchagarh,10.0,-8.70896941374059
Panchagarh,11.0,-8.901542279777875
Panchagarh,12.0,-9.145770384325228
Patuakhali,1.0,-15.65805214718835
Patuakhali,2.0,-15.682224428924451
Patuakhali,3.0,-14.67477272742616
Patuakhali,4.0,-13.982401443252702
Patuakhali,5.0,-13.18015265127965
Patuakhali,6.0,-12.886188044765873
Patuakhali,7.0,-12.755545996770236
Patuakhali,8.0,-12.785041864505262
Patuakhali,9.0,-13.996846458974897
Patuakhali,10.0,-14.38512121571168
Patuakhali,11.0,-14.591456318664028
Patuakhali,12.0,-14.335048754493158
Pirojpur,1.0,-13.675101393845514
Pirojpur,2.0,-14.285452672417847
Pirojpur,3.0,-14.971655544154801
Pirojpur,4.0,-14.418068149812173
Pirojpur,5.0,-12.918767609347423
Pirojpur,6.0,-11.211164163504924
Pirojpur,7.0,-10.5917413534789
Pirojpur,8.0,-10.157907957209488
Pirojpur,9.0,-10.439047069747373
Pirojpur,10.0,-13.19918531772023
Pirojpur,11.0,-11.954104677641034
Pirojpur,12.0,-12.326761974930138
Rajbari,1.0,-14.907726162622325
Rajbari,2.0,-15.687687708025315
Rajbari,3.0,-15.659689859012156
Rajbari,4.0,-14.361691777200228
Rajbari,5.0,-12.717115858935294
Rajbari,6.0,-12.340919339099827
Rajbari,7.0,-12.746414602208926
Rajbari,8.0,-13.218573500423537
Rajbari,9.0,-13.462466538672441
Rajbari,10.0,-14.66087716319481
Rajbari,11.0,-14.708930196339434
Rajbari,12.0,-14.4889519227461
Rajshahi,1.0,-11.086013152752116
Rajshahi,2.0,-10.021943633108151
Rajshahi,3.0,-12.502992934551463
Rajshahi,4.0,-10.206576968057727
Rajshahi,5.0,-11.100223731709
Rajshahi,6.0,-12.38085943138964
Rajshahi,7.0,-12.191225157176136
Rajshahi,8.0,-14.575215221315057
Rajshahi,9.0,-14.308345428593684
Rajshahi,10.0,-13.27713038812451
Rajshahi,11.0,-14.711092417174877
Rajshahi,12.0,-11.99806801411911
Rangamati,1.0,-12.287354457431906
Rangamati,2.0,-13.624598974593257
Rangamati,3.0,-13.376724069808944
Rangamati,4.0,-12.537313669594097
Rangamati,5.0,-11.897807951337535
Rangamati,6.0,-10.61008118574384
Rangamati,7.0,-12.252154358313227
Rangamati,8.0,-11.865933217032818
Rangamati,9.0,-12.235580225393873
Rangamati,10.0,-12.275264841354586
Rangamati,11.0,-12.191792670718826
Rangamati,12.0,-12.298180155516519
Rangpur,1.0,-11.823214070522562
Rangpur,2.0,-9.50776445207534
Rangpur,3.0,-7.219896411310776
Rangpur,4.0,-7.116705794838831
Rangpur,5.0,-7.5797013819574905
Rangpur,6.0,-7.3481297343455285
Rangpur,7.0,-8.142095243498773
Rangpur,8.0,-8.384827131691237
Rangpur,9.0,-7.513283683345192
Rangpur,10.0,-7.662039199971693
Rangpur,11.0,-7.865386709424792
Rangpur,12.0,-7.619101769247653
Satkhira,1.0,-11.233024821106694
Satkhira,2.0,-11.568641841197447
Satkhira,3.0,-11.659182020167746
Satkhira,4.0,-12.057812875130212
Satkhira,5.0,-11.184133865091134
Satkhira,6.0,-10.739954712522838
Satkhira,7.0,-10.091451646635148
Satkhira,8.0,-9.961392976096304
Satkhira,9.0,-10.432810147428306
Satkhira,10.0,-10.357321439660629
Satkhira,11.0,-10.65767272884201
Satkhira,12.0,-10.752219080039868
Shariatpur,1.0,-15.94002009852413
Shariatpur,2.0,-16.496472142516073
Shariatpur,3.0,-15.7746971053528
Shariatpur,4.0,-15.613659001654696
Shariatpur,5.0,-14.263158188860757
Shariatpur,6.0,-12.834907355573023
Shariatpur,7.0,-12.352135480897067
Shariatpur,8.0,-12.748866096992815
Shariatpur,9.0,-13.023672862974632
Shariatpur,10.0,-13.017940760529426
Shariatpur,11.0,-13.840522365989814
Shariatpur,12.0,-14.632874925340172
Sherpur,1.0,-8.599443827377682
Sherpur,2.0,-8.850192155959492
Sherpur,3.0,-8.278553479636955
Sherpur,4.0,-7.88631300879967
Sherpur,5.0,-7.078697829971157
Sherpur,6.0,-8.833149700939362
Sherpur,7.0,-9.552412225383195
Sherpur,8.0,-9.758354083716407
Sherpur,9.0,-8.981984842264175
Sherpur,10.0,-8.36476133193434
Sherpur,11.0,-8.62162529897414
Sherpur,12.0,-8.260644361759946
Sirajganj,1.0,-14.700126450969464
Sirajganj,2.0,-15.886204932003135
Sirajganj,3.0,-15.283839564353094
Sirajganj,4.0,-16.281867731917284
Sirajganj,5.0,-15.247796369834372
Sirajganj,6.0,-14.12280348842956
Sirajganj,7.0,-15.271467091771484
Sirajganj,8.0,-15.470494236192069
Sirajganj,9.0,-15.743714977863368
Sirajganj,10.0,-15.070159036902357
Sirajganj,11.0,-14.965602778253857
Sirajganj,12.0,-15.116484602151814
Sunamganj,1.0,-13.97955305147488
Sunamganj,2.0,-10.651092622981645
Sunamganj,3.0,-10.89934702877643
Sunamganj,4.0,-11.1093433472494
Sunamganj,5.0,-12.848840237722651
Sunamganj,6.0,-14.46481931251892
Sunamganj,7.0,-15.957585207802873
Sunamganj,8.0,-16.00004870916432
Sunamganj,9.0,-15.803488909976359
Sunamganj,10.0,-15.859193424910837
Sunamganj,11.0,-16.157909323313717
Sunamganj,12.0,-16.26164966607108
Sylhet,1.0,-10.19026848955095
Sylhet,2.0,-10.229875966744707
Sylhet,3.0,-9.532174962776436
Sylhet,4.0,-9.974182798064673
Sylhet,5.0,-11.740581763827048
Sylhet,6.0,-13.151628320266328
Sylhet,7.0,-13.51594205026567
Sylhet,8.0,-13.3806979021173
Sylhet,9.0,-12.911267106481601
Sylhet,10.0,-13.267540745095973
Sylhet,11.0,-12.701641231681032
Sylhet,12.0,-11.757505893898438
Tangail,1.0,-8.838976278847955
Tangail,2.0,-9.338084036370224
Tangail,3.0,-9.046240969396674
Tangail,4.0,-9.016877461938309
Tangail,5.0,-9.011105521961026
Tangail,6.0,-11.968216761366598
Tangail,7.0,-12.528661496590093
Tangail,8.0,-12.41013449852128
Tangail,9.0,-13.04343024614339
Tangail,10.0,-13.370334213493152
Tangail,11.0,-9.928544040415902
Tangail,12.0,-8.656256805382746
Thakurgaon,1.0,-9.317320837465438
Thakurgaon,2.0,-9.595647816092645
Thakurgaon,3.0,-9.347077469092104
Thakurgaon,4.0,-9.189095836438778
Thakurgaon,5.0,-8.53387773985228
Thakurgaon,6.0,-7.7106899382297085
Thakurgaon,7.0,-9.94019366471503
Thakurgaon,8.0,-8.714508405385883
Thakurgaon,9.0,-8.401172117299762
Thakurgaon,10.0,-8.867036018979134
Thakurgaon,11.0,-8.185319161987579
Thakurgaon,12.0,-9.235634547721112
